{"cameraMode":{"drawMode":0,"name":"Shaded","section":"Shading Mode"},"sceneLighting":true,"audioPlay":false,"sceneViewState":{"m_AlwaysRefresh":false,"showFog":true,"showSkybox":false,"showFlares":true,"showImageEffects":true,"showParticleSystems":true,"showVisualEffectGraphs":true,"m_FxEnabled":true},"in2DMode":false,"pivot":{"x":27.93660545349121,"y":-6.762828826904297,"z":16.2233943939209},"rotation":{"x":0.6019174456596375,"y":-0.0011975831585004926,"z":0.000903128762729466,"w":0.798561155796051},"size":11.997660636901856,"orthographic":true}