{"cameraMode":{"drawMode":0,"name":"Shaded","section":"Shading Mode"},"sceneLighting":false,"audioPlay":false,"sceneViewState":{"m_AlwaysRefresh":false,"showFog":true,"showSkybox":false,"showFlares":true,"showImageEffects":true,"showParticleSystems":true,"showVisualEffectGraphs":true,"m_FxEnabled":true},"in2DMode":false,"pivot":{"x":963.6597290039063,"y":541.2850341796875,"z":2.0878701210021974},"rotation":{"x":0.4346534311771393,"y":-0.18153877556324006,"z":0.08992006629705429,"w":0.8775169253349304},"size":1.6582890748977662,"orthographic":true}