{"cameraMode":{"drawMode":0,"name":"Shaded","section":"Shading Mode"},"sceneLighting":true,"audioPlay":false,"sceneViewState":{"m_AlwaysRefresh":false,"showFog":true,"showSkybox":true,"showFlares":true,"showImageEffects":true,"showParticleSystems":true,"showVisualEffectGraphs":true,"m_FxEnabled":true},"in2DMode":false,"pivot":{"x":4.763314723968506,"y":-0.14100313186645509,"z":0.4443730115890503},"rotation":{"x":-0.22090350091457368,"y":-0.5401366949081421,"z":0.14949765801429749,"w":-0.7982116937637329},"size":6.552441596984863,"orthographic":true}