{"cameraMode":{"drawMode":0,"name":"Shaded","section":"Shading Mode"},"sceneLighting":true,"audioPlay":false,"sceneViewState":{"m_AlwaysRefresh":false,"showFog":true,"showSkybox":true,"showFlares":true,"showImageEffects":true,"showParticleSystems":true,"showVisualEffectGraphs":true,"m_FxEnabled":true},"in2DMode":false,"pivot":{"x":582.5320434570313,"y":501.61126708984377,"z":-535.9652099609375},"rotation":{"x":0.011998062022030354,"y":0.016498100012540818,"z":-0.00019844371126964688,"w":0.9997879862785339},"size":71.88726806640625,"orthographic":true}