{"cameraMode":{"drawMode":0,"name":"Shaded","section":"Shading Mode"},"sceneLighting":true,"audioPlay":false,"sceneViewState":{"m_AlwaysRefresh":false,"showFog":true,"showSkybox":true,"showFlares":true,"showImageEffects":true,"showParticleSystems":true,"showVisualEffectGraphs":true,"m_FxEnabled":true},"in2DMode":false,"pivot":{"x":574.7518920898438,"y":495.7628479003906,"z":-598.9207763671875},"rotation":{"x":0.013497408479452134,"y":-0.017997363582253457,"z":0.0002429815795039758,"w":0.9997473359107971},"size":74.28654479980469,"orthographic":true}