{"cameraMode":{"drawMode":0,"name":"Shaded","section":"Shading Mode"},"sceneLighting":true,"audioPlay":false,"sceneViewState":{"m_AlwaysRefresh":false,"showFog":true,"showSkybox":true,"showFlares":true,"showImageEffects":true,"showParticleSystems":true,"showVisualEffectGraphs":true,"m_FxEnabled":true},"in2DMode":false,"pivot":{"x":19.298616409301759,"y":-0.5805685520172119,"z":30.364288330078126},"rotation":{"x":0.36838674545288088,"y":-0.02370339445769787,"z":0.009396698325872422,"w":0.9293332695960999},"size":25.407686233520509,"orthographic":true}