{"cameraMode":{"drawMode":0,"name":"Shaded","section":"Shading Mode"},"sceneLighting":true,"audioPlay":false,"sceneViewState":{"m_AlwaysRefresh":false,"showFog":true,"showSkybox":true,"showFlares":true,"showImageEffects":true,"showParticleSystems":true,"showVisualEffectGraphs":true,"m_FxEnabled":true},"in2DMode":false,"pivot":{"x":8.793538093566895,"y":-0.8593628406524658,"z":22.215181350708009},"rotation":{"x":0.7237921357154846,"y":-0.010349495336413384,"z":0.010856444016098977,"w":0.689858615398407},"size":77.40228271484375,"orthographic":true}