{"cameraMode":{"drawMode":0,"name":"Shaded","section":"Shading Mode"},"sceneLighting":true,"audioPlay":false,"sceneViewState":{"m_AlwaysRefresh":false,"showFog":true,"showSkybox":true,"showFlares":true,"showImageEffects":true,"showParticleSystems":true,"showVisualEffectGraphs":true,"m_FxEnabled":true},"in2DMode":false,"pivot":{"x":20.61347198486328,"y":11.755770683288575,"z":-6.661220073699951},"rotation":{"x":-0.27466079592704775,"y":0.032597027719020846,"z":-0.009313619695603848,"w":-0.9609533548355103},"size":12.588153839111329,"orthographic":true}